Construct,Barcode,mvaE seq,mvaS seq,mvaK1 seq,idi seq,mvaK1 TIR,mvaS TIR,mvaE TIR,idi TIR,lim mg/l,DTS,Odind,Odhar
MVARBS005,,TTTTAAGGAGGAAACGTACAT,AAAAGATGAGGAGTGCAAAAA,TTTAACACGTGACGAGGAATACG,AAATTGGGAGGAGGGCG,4855.48,24672.02,33181.06,21803.87,168.1,MVARBS5,0.772167,2.985332
MVARBS006,,TTTTAAGGACGAAACGTACAT,AAAAGATGAGGAGTACAAAAA,TTTAACACGTGACGAGGAATACG,AAATAGGGAGGTGGGCG,4855.48,36992.31,3496.47,29877.89,182.9,MVARBS6,0.908167,4.193332
MVARBS018,,TTTTAAGGACGTAACGTACAT,AAAATATGAGGAGTACAAAAA,TTTAACACGAGAGGAGGCATACG,AAATTGGGAGGAGGGCG,20496.44,86990.22,2551.61,21804.87,136.6,MVARBS18,0.056167,0.101332
MVARBS019,,TTTTAAGGAAGAAACGTACAT,AAAATATGAGGCGTGCAAAAA,TTTAACACGCGAGGAGGAATACG,AAATAGGGAGGCGGGCG,79074.16,2376.04,2037.45,5911.84,521,MVARBS19,0.619167,5.221332
MVARBS025,,TTTTAAGGACGGAACGTACAT,AAAATATGAGGCGTGCAAAAA,TTTAACACGTGAGGAGGAATACG,AAATTGGGAGGTGGGCG,35173.93,2376.04,11658.96,12708.48,243.2,MVARBS25,0.892167,7.109332
MVARBS026,,TTTTAAGGAAGAAACGTACAT,AAAAGATGAGGAGTGCAAAAA,TTTAACACGTGACGAGGAATACG,AAATTGGGAGGCGGGCG,4855.48,24672.02,2037.45,2513.99,142,MVARBS26,0.850167,2.457332
MVARBS027,,TTTTAAGGACGTAACGTACAT,AAAAGATGAGGAGTACAAAAA,TTTAACACGCGAGGAGGAATACG,AAATAGGGAGGCGGGCG,79074.16,36992.31,2551.61,5911.84,144.7,MVARBS27,0.835167,3.017332
MVARBS029,,TTTTAAGGACGAAACGTACAT,AAAATATGAGGAGTGCAAAAA,TTTAACACGTGAGGAGGCATACG,AAATTGGGAGGTGGGCG,13670.1,53024.08,3496.47,12708.48,167.3,MVARBS29,0.705167,3.009332
MVARBS030,,TTTTAAGGAAGGAACGTACAT,AAAAGATGAGGAGTGCAAAAA,TTTAACACGCGACGAGGCATACG,AAATTGGGAGGTGGGCG,1203.18,24672.02,8133.89,12705.48,331.3,MVARBS30,0.770167,6.325332
MVARBS032,,TTTTAAGGACGTAACGTACAT,AAAATATGAGGAGTGCAAAAA,TTTAACACGTGACGAGGAATACG,AAATTGGGAGGAGGGCG,4855.48,53024.08,2551.61,21805.87,234.7,MVARBS32,0.634167,1.877332
MVARBS033,,TTTTAAGGAAGTAACGTACAT,AAAATATGAGGAGTGCAAAAA,TTTAACACGTGAGGAGGAATACG,AAATTGGGAGGTGGGCG,35173.93,53024.08,5736.24,12706.48,408.2,MVARBS33,0.805167,5.701332
MVARBS036,,TTTTAAGGAAGGAACGTACAT,AAAAGATGAGGAGTGCAAAAA,TTTAACACGTGACGAGGAATACG,AAATTGGGAGGAGGGCG,4855.48,24672.02,8133.89,21806.87,250.7,MVARBS36,0.666167,2.905332
MVARBS037,,TTTTAAGGACGTAACGTACAT,AAAATATGAGGAGTGCAAAAA,TTTAACACGTGACGAGGCATACG,AAATAGGGAGGAGGGCG,5813.16,53024.08,2551.61,61387.55,172.5,MVARBS37,0.754167,2.237332
MVARBS038,,TTTTAAGGACGTAACGTACAT,AAAATATGAGGAGTACAAAAA,TTTAACACGCGACGAGGCATACG,AAATTGGGAGGTGGGCG,1203.18,86990.22,2551.61,12707.48,382.6,MVARBS38,0.854167,6.697332
MVARBS039,,TTTTAAGGAAGGAACGTACAT,AAAAGATGAGGAGTGCAAAAA,TTTAACACGTGACGAGGCATACG,AAATTGGGAGGAGGGCG,5813.16,24672.02,8133.89,21808.87,281.5,MVARBS39,0.797167,3.653332
MVARBS041,,TTTTAAGGAAGGAACGTACAT,AAAAGATGAGGAGTGCAAAAA,TTTAACACGAGAGGAGGCATACG,AAATTGGGAGGTGGGCG,20496.44,24672.02,8133.89,12708.48,301.4,MVARBS41,0.765167,2.841332
MVARBS048,,TTTTAAGGAAGAAACGTACAT,AAAAGATGAGGCGTGCAAAAA,TTTAACACGAGAGGAGGAATACG,AAATAGGGAGGAGGGCG,52738.49,1156.46,2037.45,61387.55,93.2,MVARBS48,0.086167,1.741332
MVARBS050,,TTTTAAGGAAGAAACGTACAT,AAAAGATGAGGAGTGCAAAAA,TTTAACACGAGAGGAGGAATACG,AAATAGGGAGGAGGGCG,52738.49,24672.02,2037.45,61386.55,330.8,MVARBS50,0.538167,2.381332
MVARBS054,,TTTTAAGGACGTAACGTACAT,AAAATATGAGGAGTACAAAAA,TTTAACACGTGACGAGGAATACG,AAATTGGGAGGAGGGCG,4855.48,86990.22,2551.61,21807.87,319.7,MVARBS54,0.796167,5.421332
MVARBS063,,TTTTAAGGAAGAAACGTACAT,AAAAGATGAGGAGTACAAAAA,TTTAACACGAGACGAGGAATACG,AAATAGGGAGGAGGGCG,8914.4,36992.31,2037.45,61386.55,304.1,MVARBS63,0.793167,4.057332
MVARBS071,,TTTTAAGGACGGAACGTACAT,AAAAGATGAGGAGTACAAAAA,TTTAACACGAGAGGAGGAATACG,AAATAGGGAGGAGGGCG,52738.49,36992.31,11658.96,61386.55,321,MVARBS71,0.752167,4.105332
MVARBS080,,TTTTAAGGAAGAAACGTACAT,AAAAGATGAGGAGTGCAAAAA,TTTAACACGCGACGAGGCATACG,AAATTGGGAGGTGGGCG,1203.18,24672.02,2037.45,12708.48,136.2,MVARBS80,0.722167,2.613332
