Construct,Barcode,mvaE seq_1_A,mvaE seq_1_C,mvaE seq_1_G,mvaE seq_1_T,mvaE seq_2_A,mvaE seq_2_C,mvaE seq_2_G,mvaE seq_2_T,mvaS seq_1_A,mvaS seq_1_C,mvaS seq_1_G,mvaS seq_1_T,mvaS seq_2_A,mvaS seq_2_C,mvaS seq_2_G,mvaS seq_2_T,mvaS seq_3_A,mvaS seq_3_C,mvaS seq_3_G,mvaS seq_3_T,mvaK1 seq_1_A,mvaK1 seq_1_C,mvaK1 seq_1_G,mvaK1 seq_1_T,mvaK1 seq_2_A,mvaK1 seq_2_C,mvaK1 seq_2_G,mvaK1 seq_2_T,mvaK1 seq_3_A,mvaK1 seq_3_C,mvaK1 seq_3_G,mvaK1 seq_3_T,idi seq_1_A,idi seq_1_C,idi seq_1_G,idi seq_1_T,idi seq_2_A,idi seq_2_C,idi seq_2_G,idi seq_2_T,Barcode,Construct,idi TIR,idi seq,idi seq_rbs,lim mg/l,mvaE TIR,mvaE seq,mvaE seq_rbs,mvaK1 TIR,mvaK1 seq,mvaK1 seq_rbs,mvaS TIR,mvaS seq,mvaS seq_rbs,ODind,ODharv
MVARBS019,,1,0,0,0,1,0,0,0,0,0,0,1,0,1,0,0,0,0,1,0,0,1,0,0,0,0,1,0,1,0,0,0,1,0,0,0,0,1,0,0,,MVARBS019,5911.84,AAATAGGGAGGCGGGCG,AC,521,2037.45,TTTTAAGGAAGAAACGTACAT,AA,79074.16,TTTAACACGCGAGGAGGAATACG,CGA,2376.04,AAAATATGAGGCGTGCAAAAA,TCG,0.619167,5.221331999999999
MVARBS060,,1,0,0,0,1,0,0,0,0,0,1,0,1,0,0,0,1,0,0,0,0,1,0,0,0,0,1,0,0,1,0,0,0,0,0,1,0,0,0,1,,MVARBS060,12706.48,AAATTGGGAGGTGGGCG,TT,436.2,,TTTTAAGGAAGAAACGTACAT,AA,,TTTAACACGCGAGGAGGCATACG,CGC,,AAAAGATGAGGAGTACAAAAA,GAA,0.787167,3.025332
MVARBS033,,1,0,0,0,0,0,0,1,0,0,0,1,1,0,0,0,0,0,1,0,0,0,0,1,0,0,1,0,1,0,0,0,0,0,0,1,0,0,0,1,,MVARBS033,12706.48,AAATTGGGAGGTGGGCG,TT,408.2,5736.24,TTTTAAGGAAGTAACGTACAT,AT,35173.93,TTTAACACGTGAGGAGGAATACG,TGA,53024.08,AAAATATGAGGAGTGCAAAAA,TAG,0.805167,5.701332
MVARBS002,,1,0,0,0,0,0,0,1,0,0,1,0,0,1,0,0,1,0,0,0,1,0,0,0,0,1,0,0,0,1,0,0,1,0,0,0,1,0,0,0,,MVARBS002,,AAATAGGGAGGAGGGCG,AA,395.5,,TTTTAAGGAAGTAACGTACAT,AT,,TTTAACACGAGACGAGGCATACG,ACC,,AAAAGATGAGGCGTACAAAAA,GCA,0.613167,9.457332000000001
MVARBS035,,0,1,0,0,1,0,0,0,0,0,0,1,1,0,0,0,0,0,1,0,0,0,0,1,0,0,1,0,0,1,0,0,0,0,0,1,0,0,0,1,,MVARBS035,12707.48,AAATTGGGAGGTGGGCG,TT,393,,TTTTAAGGACGAAACGTACAT,CA,,TTTAACACGTGAGGAGGCATACG,TGC,,AAAATATGAGGAGTGCAAAAA,TAG,0.827167,15.065332
MVARBS038,,0,1,0,0,0,0,0,1,0,0,0,1,1,0,0,0,1,0,0,0,0,1,0,0,0,1,0,0,0,1,0,0,0,0,0,1,0,0,0,1,,MVARBS038,12707.48,AAATTGGGAGGTGGGCG,TT,382.6,2551.61,TTTTAAGGACGTAACGTACAT,CT,1203.18,TTTAACACGCGACGAGGCATACG,CCC,86990.22,AAAATATGAGGAGTACAAAAA,TAA,0.8541669999999999,6.697331999999999
MVARBS011,,1,0,0,0,0,0,1,0,0,0,0,1,0,1,0,0,1,0,0,0,0,1,0,0,0,1,0,0,1,0,0,0,0,0,0,1,0,0,0,1,,MVARBS011,12707.48,AAATTGGGAGGTGGGCG,TT,347.7,,TTTTAAGGAAGGAACGTACAT,AG,,TTTAACACGCGACGAGGAATACG,CCA,,AAAATATGAGGCGTACAAAAA,TCA,0.801167,5.085331999999999
MVARBS030,,1,0,0,0,0,0,1,0,0,0,1,0,1,0,0,0,0,0,1,0,0,1,0,0,0,1,0,0,0,1,0,0,0,0,0,1,0,0,0,1,,MVARBS030,12705.48,AAATTGGGAGGTGGGCG,TT,331.3,8133.89,TTTTAAGGAAGGAACGTACAT,AG,1203.18,TTTAACACGCGACGAGGCATACG,CCC,24672.02,AAAAGATGAGGAGTGCAAAAA,GAG,0.770167,6.3253319999999995
MVARBS050,,1,0,0,0,1,0,0,0,0,0,1,0,1,0,0,0,0,0,1,0,1,0,0,0,0,0,1,0,1,0,0,0,1,0,0,0,1,0,0,0,,MVARBS050,61386.55,AAATAGGGAGGAGGGCG,AA,330.8,2037.45,TTTTAAGGAAGAAACGTACAT,AA,52738.49,TTTAACACGAGAGGAGGAATACG,AGA,24672.02,AAAAGATGAGGAGTGCAAAAA,GAG,0.538167,2.381332
MVARBS071,,0,1,0,0,0,0,1,0,0,0,1,0,1,0,0,0,1,0,0,0,1,0,0,0,0,0,1,0,1,0,0,0,1,0,0,0,1,0,0,0,,MVARBS071,61386.55,AAATAGGGAGGAGGGCG,AA,321,11658.96,TTTTAAGGACGGAACGTACAT,CG,52738.49,TTTAACACGAGAGGAGGAATACG,AGA,36992.31,AAAAGATGAGGAGTACAAAAA,GAA,0.752167,4.105332
MVARBS054,,0,1,0,0,0,0,0,1,0,0,0,1,1,0,0,0,1,0,0,0,0,0,0,1,0,1,0,0,1,0,0,0,0,0,0,1,1,0,0,0,,MVARBS054,21807.87,AAATTGGGAGGAGGGCG,TA,319.7,2551.61,TTTTAAGGACGTAACGTACAT,CT,4855.48,TTTAACACGTGACGAGGAATACG,TCA,86990.22,AAAATATGAGGAGTACAAAAA,TAA,0.7961670000000001,5.421332
MVARBS028,,1,0,0,0,1,0,0,0,0,0,1,0,1,0,0,0,1,0,0,0,1,0,0,0,0,1,0,0,0,1,0,0,1,0,0,0,1,0,0,0,,MVARBS028,,AAATAGGGAGGAGGGCG,AA,313.2,,TTTTAAGGAAGAAACGTACAT,AA,,TTTAACACGAGACGAGGCATACG,ACC,,AAAAGATGAGGAGTACAAAAA,GAA,0.827167,3.509332
MVARBS063,,1,0,0,0,1,0,0,0,0,0,1,0,1,0,0,0,1,0,0,0,1,0,0,0,0,1,0,0,1,0,0,0,1,0,0,0,1,0,0,0,,MVARBS063,61386.55,AAATAGGGAGGAGGGCG,AA,304.1,2037.45,TTTTAAGGAAGAAACGTACAT,AA,8914.4,TTTAACACGAGACGAGGAATACG,ACA,36992.31,AAAAGATGAGGAGTACAAAAA,GAA,0.793167,4.057332
MVARBS070,,1,0,0,0,0,0,0,1,0,0,1,0,0,1,0,0,0,0,1,0,0,1,0,0,0,1,0,0,0,1,0,0,1,0,0,0,1,0,0,0,,MVARBS070,,AAATAGGGAGGAGGGCG,AA,304.1,,TTTTAAGGAAGTAACGTACAT,AT,,TTTAACACGCGACGAGGCATACG,CCC,,AAAAGATGAGGCGTGCAAAAA,GCG,0.07416699999999998,0.029332000000000025
MVARBS041,,1,0,0,0,0,0,1,0,0,0,1,0,1,0,0,0,0,0,1,0,1,0,0,0,0,0,1,0,0,1,0,0,0,0,0,1,0,0,0,1,,MVARBS041,12708.48,AAATTGGGAGGTGGGCG,TT,301.4,8133.89,TTTTAAGGAAGGAACGTACAT,AG,20496.44,TTTAACACGAGAGGAGGCATACG,AGC,24672.02,AAAAGATGAGGAGTGCAAAAA,GAG,0.7651669999999999,2.841332
MVARBS044,,0,1,0,0,0,0,0,1,0,0,1,0,0,1,0,0,0,0,1,0,0,1,0,0,0,1,0,0,1,0,0,0,0,0,0,1,0,0,0,1,,MVARBS044,,AAATTGGGAGGTGGGCG,TT,300.8,,TTTTAAGGACGTAACGTACAT,CT,,TTTAACACGCGACGAGGAATACG,CCA,,AAAAGATGAGGCGTGCAAAAA,GCG,0.988167,4.529331999999999
MVARBS039,,1,0,0,0,0,0,1,0,0,0,1,0,1,0,0,0,0,0,1,0,0,0,0,1,0,1,0,0,0,1,0,0,0,0,0,1,1,0,0,0,,MVARBS039,21808.87,AAATTGGGAGGAGGGCG,TA,281.5,8133.89,TTTTAAGGAAGGAACGTACAT,AG,5813.16,TTTAACACGTGACGAGGCATACG,TCC,24672.02,AAAAGATGAGGAGTGCAAAAA,GAG,0.797167,3.6533320000000002
MVARBS034,,1,0,0,0,1,0,0,0,0,0,1,0,1,0,0,0,0,0,1,0,0,0,0,1,0,1,0,0,1,0,0,0,0,0,0,1,0,1,0,0,,MVARBS034,,AAATTGGGAGGCGGGCG,TC,265.4,,TTTTAAGGAAGAAACGTACAT,AA,,TTTAACACGTGACGAGGAATACG,TCA,,AAAAGATGAGGAGTGCAAAAA,GAG,0.679167,4.693332
MVARBS036,,1,0,0,0,0,0,1,0,0,0,1,0,1,0,0,0,0,0,1,0,0,0,0,1,0,1,0,0,1,0,0,0,0,0,0,1,1,0,0,0,,MVARBS036,21806.87,AAATTGGGAGGAGGGCG,TA,250.7,8133.89,TTTTAAGGAAGGAACGTACAT,AG,4855.48,TTTAACACGTGACGAGGAATACG,TCA,24672.02,AAAAGATGAGGAGTGCAAAAA,GAG,0.666167,2.905332
MVARBS062,,1,0,0,0,0,0,0,1,0,0,1,0,0,1,0,0,0,0,1,0,0,1,0,0,0,1,0,0,0,1,0,0,1,0,0,0,1,0,0,0,,MVARBS062,,AAATAGGGAGGAGGGCG,AA,247.5,,TTTTAAGGAAGTAACGTACAT,AT,,TTTAACACGCGACGAGGCATACG,CCC,,AAAAGATGAGGCGTGCAAAAA,GCG,0.7901670000000001,4.921332
MVARBS025,,0,1,0,0,0,0,1,0,0,0,0,1,0,1,0,0,0,0,1,0,0,0,0,1,0,0,1,0,1,0,0,0,0,0,0,1,0,0,0,1,,MVARBS025,12708.48,AAATTGGGAGGTGGGCG,TT,243.2,11658.96,TTTTAAGGACGGAACGTACAT,CG,35173.93,TTTAACACGTGAGGAGGAATACG,TGA,2376.04,AAAATATGAGGCGTGCAAAAA,TCG,0.8921669999999999,7.109331999999999
MVARBS032,,0,1,0,0,0,0,0,1,0,0,0,1,1,0,0,0,0,0,1,0,0,0,0,1,0,1,0,0,1,0,0,0,0,0,0,1,1,0,0,0,,MVARBS032,21805.87,AAATTGGGAGGAGGGCG,TA,234.7,2551.61,TTTTAAGGACGTAACGTACAT,CT,4855.48,TTTAACACGTGACGAGGAATACG,TCA,53024.08,AAAATATGAGGAGTGCAAAAA,TAG,0.634167,1.877332
MVARBS043,,0,1,0,0,0,0,1,0,0,0,1,0,0,1,0,0,0,0,1,0,1,0,0,0,0,1,0,0,1,0,0,0,0,0,0,1,0,1,0,0,,MVARBS043,,AAATTGGGAGGCGGGCG,TC,203.1,,TTTTAAGGACGGAACGTACAT,CG,,TTTAACACGAGACGAGGAATACG,ACA,,AAAAGATGAGGCGTGCAAAAA,GCG,0.8401669999999999,3.9973320000000006
MVARBS059,,0,1,0,0,1,0,0,0,0,0,1,0,0,1,0,0,0,0,1,0,0,0,0,1,0,0,1,0,1,0,0,0,0,0,0,1,0,0,0,1,,MVARBS059,,AAATTGGGAGGTGGGCG,TT,198,,TTTTAAGGACGAAACGTACAT,CA,,TTTAACACGTGAGGAGGAATACG,TGA,,AAAAGATGAGGCGTGCAAAAA,GCG,0.538167,4.525332
MVARBS058,,0,1,0,0,0,0,0,1,0,0,1,0,0,1,0,0,1,0,0,0,0,1,0,0,0,0,1,0,0,1,0,0,1,0,0,0,0,0,0,1,,MVARBS058,,AAATAGGGAGGTGGGCG,AT,189.6,,TTTTAAGGACGTAACGTACAT,CT,,TTTAACACGCGAGGAGGCATACG,CGC,,AAAAGATGAGGCGTACAAAAA,GCA,0.579167,2.993332
MVARBS006,,0,1,0,0,1,0,0,0,0,0,1,0,1,0,0,0,1,0,0,0,0,0,0,1,0,1,0,0,1,0,0,0,1,0,0,0,0,0,0,1,,MVARBS006,29877.89,AAATAGGGAGGTGGGCG,AT,182.9,3496.47,TTTTAAGGACGAAACGTACAT,CA,4855.48,TTTAACACGTGACGAGGAATACG,TCA,36992.31,AAAAGATGAGGAGTACAAAAA,GAA,0.908167,4.193332
MVARBS037,,0,1,0,0,0,0,0,1,0,0,0,1,1,0,0,0,0,0,1,0,0,0,0,1,0,1,0,0,0,1,0,0,1,0,0,0,1,0,0,0,,MVARBS037,61387.55,AAATAGGGAGGAGGGCG,AA,172.5,2551.61,TTTTAAGGACGTAACGTACAT,CT,5813.16,TTTAACACGTGACGAGGCATACG,TCC,53024.08,AAAATATGAGGAGTGCAAAAA,TAG,0.754167,2.2373320000000003
MVARBS074,,0,1,0,0,1,0,0,0,0,0,1,0,0,1,0,0,0,0,1,0,0,1,0,0,0,1,0,0,0,1,0,0,0,0,0,1,0,1,0,0,,MVARBS074,,AAATTGGGAGGCGGGCG,TC,169.8,,TTTTAAGGACGAAACGTACAT,CA,,TTTAACACGCGACGAGGCATACG,CCC,,AAAAGATGAGGCGTGCAAAAA,GCG,0.829167,5.565332
MVARBS046,,0,1,0,0,0,0,1,0,0,0,0,1,1,0,0,0,0,0,1,0,1,0,0,0,0,1,0,0,1,0,0,0,0,0,0,1,0,1,0,0,,MVARBS046,,AAATTGGGAGGCGGGCG,TC,169.2,,TTTTAAGGACGGAACGTACAT,CG,,TTTAACACGAGACGAGGAATACG,ACA,,AAAATATGAGGAGTGCAAAAA,TAG,0.821167,2.6493320000000002
MVARBS005,,0,0,1,0,1,0,0,0,0,0,1,0,1,0,0,0,0,0,1,0,0,0,0,1,0,1,0,0,1,0,0,0,0,0,0,1,1,0,0,0,,MVARBS005,21803.87,AAATTGGGAGGAGGGCG,TA,168.1,33181.06,TTTTAAGGAGGAAACGTACAT,GA,4855.48,TTTAACACGTGACGAGGAATACG,TCA,24672.02,AAAAGATGAGGAGTGCAAAAA,GAG,0.772167,2.985332
MVARBS029,,0,1,0,0,1,0,0,0,0,0,0,1,1,0,0,0,0,0,1,0,0,0,0,1,0,0,1,0,0,1,0,0,0,0,0,1,0,0,0,1,,MVARBS029,12708.48,AAATTGGGAGGTGGGCG,TT,167.3,3496.47,TTTTAAGGACGAAACGTACAT,CA,13670.1,TTTAACACGTGAGGAGGCATACG,TGC,53024.08,AAAATATGAGGAGTGCAAAAA,TAG,0.705167,3.009332
MVARBS078,,1,0,0,0,0,0,0,1,0,0,1,0,0,1,0,0,0,0,1,0,0,1,0,0,0,0,1,0,0,1,0,0,0,0,0,1,0,1,0,0,,MVARBS078,,AAATTGGGAGGCGGGCG,TC,164.3,,TTTTAAGGAAGTAACGTACAT,AT,,TTTAACACGCGAGGAGGCATACG,CGC,,AAAAGATGAGGCGTGCAAAAA,GCG,0.865167,8.873332000000001
MVARBS004,,0,1,0,0,1,0,0,0,0,0,0,1,1,0,0,0,0,0,1,0,1,0,0,0,0,0,1,0,1,0,0,0,0,0,0,1,0,1,0,0,,MVARBS004,,AAATTGGGAGGCGGGCG,TC,158.1,,TTTTAAGGACGAAACGTACAT,CA,,TTTAACACGAGAGGAGGAATACG,AGA,,AAAATATGAGGAGTGCAAAAA,TAG,0.8501669999999999,2.2413320000000003
MVARBS008,,1,0,0,0,0,0,1,0,0,0,0,1,1,0,0,0,0,0,1,0,0,1,0,0,0,1,0,0,1,0,0,0,0,0,0,1,0,1,0,0,,MVARBS008,,AAATTGGGAGGCGGGCG,TC,154,,TTTTAAGGAAGGAACGTACAT,AG,,TTTAACACGCGACGAGGAATACG,CCA,,AAAATATGAGGAGTGCAAAAA,TAG,0.8181670000000001,3.061332
MVARBS027,,0,1,0,0,0,0,0,1,0,0,1,0,1,0,0,0,1,0,0,0,0,1,0,0,0,0,1,0,1,0,0,0,1,0,0,0,0,1,0,0,,MVARBS027,5911.84,AAATAGGGAGGCGGGCG,AC,144.7,2551.61,TTTTAAGGACGTAACGTACAT,CT,79074.16,TTTAACACGCGAGGAGGAATACG,CGA,36992.31,AAAAGATGAGGAGTACAAAAA,GAA,0.835167,3.017332
MVARBS026,,1,0,0,0,1,0,0,0,0,0,1,0,1,0,0,0,0,0,1,0,0,0,0,1,0,1,0,0,1,0,0,0,0,0,0,1,0,1,0,0,,MVARBS026,2513.99,AAATTGGGAGGCGGGCG,TC,142,2037.45,TTTTAAGGAAGAAACGTACAT,AA,4855.48,TTTAACACGTGACGAGGAATACG,TCA,24672.02,AAAAGATGAGGAGTGCAAAAA,GAG,0.8501669999999999,2.457332
MVARBS018,,0,1,0,0,0,0,0,1,0,0,0,1,1,0,0,0,1,0,0,0,1,0,0,0,0,0,1,0,0,1,0,0,0,0,0,1,1,0,0,0,,MVARBS018,21804.87,AAATTGGGAGGAGGGCG,TA,136.6,2551.61,TTTTAAGGACGTAACGTACAT,CT,20496.44,TTTAACACGAGAGGAGGCATACG,AGC,86990.22,AAAATATGAGGAGTACAAAAA,TAA,0.05616699999999997,0.10133199999999998
MVARBS080,,1,0,0,0,1,0,0,0,0,0,1,0,1,0,0,0,0,0,1,0,0,1,0,0,0,1,0,0,0,1,0,0,0,0,0,1,0,0,0,1,,MVARBS080,12708.48,AAATTGGGAGGTGGGCG,TT,136.2,2037.45,TTTTAAGGAAGAAACGTACAT,AA,1203.18,TTTAACACGCGACGAGGCATACG,CCC,24672.02,AAAAGATGAGGAGTGCAAAAA,GAG,0.722167,2.613332
MVARBS049,,1,0,0,0,0,0,0,1,0,0,1,0,1,0,0,0,1,0,0,0,0,1,0,0,0,1,0,0,1,0,0,0,1,0,0,0,0,0,0,1,,MVARBS049,,AAATAGGGAGGTGGGCG,AT,105.3,,TTTTAAGGAAGTAACGTACAT,AT,,TTTAACACGCGACGAGGAATACG,CCA,,AAAAGATGAGGAGTACAAAAA,GAA,0.632167,1.7413320000000003
MVARBS048,,1,0,0,0,1,0,0,0,0,0,1,0,0,1,0,0,0,0,1,0,1,0,0,0,0,0,1,0,1,0,0,0,1,0,0,0,1,0,0,0,,MVARBS048,61387.55,AAATAGGGAGGAGGGCG,AA,93.2,2037.45,TTTTAAGGAAGAAACGTACAT,AA,52738.49,TTTAACACGAGAGGAGGAATACG,AGA,1156.46,AAAAGATGAGGCGTGCAAAAA,GCG,0.086167,1.7413320000000003
MVARBS014,,0,1,0,0,1,0,0,0,0,0,0,1,1,0,0,0,0,0,1,0,1,0,0,0,0,0,1,0,1,0,0,0,0,0,0,1,0,1,0,0,,MVARBS014,,AAATTGGGAGGCGGGCG,TC,77.7,,TTTTAAGGACGAAACGTACAT,CA,,TTTAACACGAGAGGAGGAATACG,AGA,,AAAATATGAGGAGTGCAAAAA,TAG,0.801167,4.477332
